info,name,title
??????????????€??????IT???????????????????€?C/C++?€?Java?€?MySQL?€?Oracle?€?JSP?€?Servlet??????????????€???????????????????€??????????????€???????????????????????????????????€??€??€?????????????????????????????€??€??€?????????????????????????????????????????€??????????????????????????€?,????€????,????????????
?????????????????€??????????????????????????€???DCD?????????????€??????????????€?????????????????€??????????????????????android?????????????????????????€??€???????????????????????????????????????????????????€??? ?????????????€????android??????????????€?????€?????????????????????????€?,????€????,????????????
???????????????????€????????????????????????????????????€????????????IT??????????????????JavaEE???????€?Android??€???????????????????????????????€????????????????????????????????????????????????????????????????????????????????????????????????????????????????????????????????????????????€?????????€??????????€?,????€????,????????????
????€?Java??€?????????????????????Android?????€????????????????????????????€?????????????????????????????????????????????????????????? ???????????????????€?????????????????????????????????€???????????????????????????????????????????€????????????€????????????????€???????????????????????????????????€?,????€????,????????????
"8?????????????????€????????????????€?Java?€?PHP?€?ASP??????????????€?€????????????????????????????????????????531???242??????????????????,????????????????????????????????????????????????????????????????????????????????????????????????????????????????€?",????€????,????????????
"????????????,apkbus???????????€?€?????????????????????????????????€???????????????????€?????€?HTML5?€?Oracle?€?J2EE ?€?Java WEB???????€????Android????????€??????????????€???????????????????????????????????????????????????????????????????????????????????????????€??????????????€??€?",????€????,????????????
??????????????€????????????????????????????????????????????????????????????????????????????€???????????????????????????????????€?????€?java??????android?????????????????????????€????????€???????????????????????????????????????€??????????????????????????????????????????????????????????€?,????€????,????????????
????€?Java?€?MySQL?€?sqlite??????????????€????????????????????????Android framework?€?Android???????????????????????????Android???????€????????€?????????????????????€??????????????????????????????????????????Android??????sdk?????????????€?,????€????,????????????
??????Mbp??????????????€???????????????????????????6????????????????€????????????????????????????????????????jsp + struts2 + spring + DBFlute?????????????????????????????????????????????????????????????????????????????€?????????????????????????€?????????€????????€????????????????€?,????€????,????????????
????????????????????????????????????????????????????€?????????????????????????????€???????????????€??€??????????????????????€?2010?????€???????????????????????????????€?????????????????????????????????????????€??€??????????????????????????????????????????????????????????????????????????€?,????€????,????????????
"??????????????€????????????????€?Spring Struts?€?Hibernate?€?shiro?€?mvc?????????web??€????????????????€?Android?€?IOS????????€???,?????€?????????????€????????????????????€?????????????????????????????????????????????????sim????????€????????????????€?",????€????,????????????
"???????????????????€???????????????????????????????,??????Android??€??????????€?????????€??????????????????,????????????,???????????????????????????????????????App?€?????€?Android???????????????????????????????€?????????????????€????????????????????€??????????????????€???????????????????????????????€?",????€????,????????????
????€?Android?????????????????????IT?????????????????????????????????????€????????????????????€?Framework??????????????????????????????????????????????€????????????????????????????ROM??€?????????????????????????€??????????????????????????????????????????????????????????????????????????????????????€?,????€????,????????????
"????????????????????????,????€?java?€?javascript?€?ssh?€?ssm????€?????????????????????????????€???????android????????????????€?????????????android?????????????€?????????????Android?????????????????€?????????,??????????????????????????????app??€??????????€?",????€????,????????????
????????????????????€?????????????????????????€?Java?€?mysql?€?jsp?€?ajax?€?struts?€?hibernate?€?spring?????€???????????????????????????????????????????????????????????????????€?????????€???CRM??????????????????????€???????????????????????€?,????€????,????????????
??????????????€????????????????€?Java??€???????????????????????????????????€???jquery?€?easyUI?€?extjs?€?flex?€?html5?€?Strophe?€?js?€???????????€????????€?????€????????????????????????????????€????????????????????????????????????????????????????????????????????????????,????€????,????????????
8??????????????€????????????7???????????????????€????????????????JavaEE??€????€??€??????????????€?????????????????€??????????????????????????????????????????????????????????????????????????????€?????????????€???????????????????????????????????€???????????????????????????????????????????????€?,????€????,????????????
????????€??????????????????????????????????????????????€???€??????????€???????????????????????????????????????€?????????????€????????????€????????????????????????????€???????Arcgis????????????????????????????€?????€????????????????????€????????????????????????????????€???????????????????????€??????????????????€????€?,????€????,????????????
??????????????€????????????????????????????????€?????????????????????????€?????????€???????????????????€?????????????????€?????????????????????????????€?OA???????????????????€?????€?SQL Server?€?Oracle?€?mySql?€?XML?€?JavaScript?€?jquery?€?Ajax Struts?€?Spring?€?Hibernate????€?,????€????,????????????
"?????????????????????????????????????????????, ???????????????Android??€??????????€???€?????????????????????????????????????€??????????????€???????????????????????????????????????????????????????PhoneClean?€?LOCX???????????????????????????App???????€?Android????????????????????????????€?",????€????,????????????
"??????????????€?????????????????????????????????????????????????????????????????????????????????????€??????????????????????????????€,??????????????????????????????,?????????????????????android???????????€????€????android????????????????????????????€???????????????????????€????????????????????????????????????????????€?
",????€????,????????????
??????????????€????????????????????????????????????????€??????????????€??????????????????????Android??€?????????????€?????????????????€???????app??????????????????????????????????????????????€?????€?java?€?mysql?€?tml?€?javascript?€?android?????????????€?,????€????,????????????
??????????????€??????IT??????????????????J2EE???Android????????€????????€??????????????????????€???????????????????????????????????????????Android APP??€???????????????????€?????????€??????????????????????????????????????????????€?Android???????????€?????????????€?,????€????,????????????
????€?JavaEE??€??????????€???????????????€???????????????Struts1?€?Struts2?€?Hibernate?€?MyBatis?€?Spring?€?Servlet?€?Jdbc?€?Jsp???????????????????????€??????Oracle?€?MySQL?€?SQLServer?€??€??????????????????????????€????????????????????€?????????????????€?????????€??????????€?,????€????,????????????
????€?J2EE?€?Android?€?C#?€?Oracle?€?SQLServer?€?SQLite?€????Android?????????????????????????????????????€???????????????????????????????????????????????????€??????????????????????????????????????????????????????????????????????????????????????????????????????APP????€????????????€??????????€?,????€????,????????????
??????Java?€?HTML?€?JS?€?Android?€??????????????????????????????€????????????????????????4.0?€?????????????NFC??€???????????????????€???????XMPP????????????????€???????????€?????????????Android????????€????????????????????????????????????????????€??????????€?,????€????,????????????
"8????????????????????€????????????????????????????????????????????????????€???????????????????????€?FansPhone??????????????????????????????????????????????????????(dolphin)???????????????App??€??????????????????C++?€?Java?€?Python??????,?????????????????????????????????????€?",????€????,????????????
"??????Javaweb ??? android ????????€????????????????????????????????????????????????????€?????????????????????????????€?????????????????????????android??????????€?????€?java web???android????????????????????€???,??????????????????MMO RPG???????????€?????€????€?",????€????,????????????
??????????????€?????????????????????????????????????????????????????????????????????OA?€??????????????€?IM?????????????????????????????????Android?????????????????????????????????????€????????????????????????????????????????????????????????????????????????????????€?,????€????,????????????
??????????????€??????????????????????????????Android??€???????????????Android????????€??????Framework??€????????????????€?????????????????????????????????????Android???????????????????????????????????????Android?????????????????????????????????????????€?????????????????€????€?,????€????,????????????
????€?Java?€?ASP.NET?€?Oracle?€?SQLServer??????????????????????????€???????????????????€????Java????????????????????????????€???????????????????????????????????????????????????????????????????????€?????????????????????????????????????????????????????€?,????€????,????????????
9?????????????????€????????????????€?Java???????????€???Oracle?€?MS SQL Server?€?DB2??????????????????Android?€?JavaEE??€???????????????????????????????€????????????????????€????????????????????????????????€??€??€???????????????????????????€????????????????€??€??€???????????????????????€?????????????????????????????€?,????€????,????????????
8??????????????€??????????€????????€?????????????????????????????????????????€?????????€?€????????€??????????????????????????€?OA?????????????€?ODS???????????€????€?????€?Java?€?C#?€?Python?€?Tcl?€?Oracle?????????????????????HTML5?????€??????????€?,????€????,????????????
????????????????????€???????????????android?????????????????????????????????????????????????????€??????????€??????????????€????????€????????€??€??€??????????????????????????€??€??€?????€????????€??€????????€????????€??€????????€????????€??€??€???????????€????????????????????€??????????????????????????????????????????????????????????????€?,????€????,????????????
15????????????????????€????€???????????????????????????????????????????????€?????€?C/C++?€?pascal?€?Basic????????????????????€???????€?MySQL?€?Oracle?€?SQLServer???????????????????€???????????????????????????????????????????????€??????????????????€?????????????????????????€?,????€????,????????????
2001?????????????????????????????€???????????????????????????Cisco Webex?????????3com???????????????????€???????Webex meeting Center?€???????3com??????????????????(MSR??????)?€?????????????????????€????€?????€?C/C++/Lua/QT?€?Linux/windows????????€????€?,????€????,????????????
"????????????????????????????????????????€???????10???????????€????€????????????????????????????????????€????€???????????????€????????????????€?????????€????????????????????????????€???????????????????????€?????????????????????????????????????????????????????????????????????????????????????????€?
",????€????,????????????
9???Linux??€????????????3?????????????????????????€?????€?Linux????????€????€????????????????????€?ARM SOC???????????????????€?C/C++?€?python?€?LISP?€?ARM/X86???????€?java????????????????????€??????????????????????????????????????????????????????????€??€?,????€????,????????????
??????7??????????????€??????????????????????????????????????????????????????????????????????€?????€?C/C++?€?Java?€?Cocos2d-x?€?Linux?????????????€??????????????????????GIS?????????????€?????????????????????????????€???????????????????????€????????????????????????????????€?,????€????,????????????
8??????Windows/Linux?????????C/C++/QT??€????????????????€?C?€?C++?€?Qt???????????€?€????????????????????????????????????????????????????????€?????????€?????????????????????Linux????????????????????????????????????????????€???????????????????????€????€?,????€????,????????????
7????????????????????€????????????3?????????????????????????????????3???Linux???????????????????€?????€?Linux???????????????Linux??????C/C++?€?python?€?shell??????????????????????????€???4000?????????????????????????????????????????????????????????????????????????€?,????€????,????????????
"?????????????????€????????????????€?C,C++,C#,Javascript,Lua??????????????€???????€?MySQL,Oracle,SQLServer?????????????????????Windows,Linux,OSX,Unix?????????????????€????€??????????QT????????€???.WEB????????€???,?????????????????€????€??????????????€????????€?",????€????,????????????
???????????????????????????????????????????????????????????????????????????????????????????????????????€????????????????????????????????????????????€?????€?C/C++???????????????????€?Python?€?UnixShell???????????????????????????????????€???????€???????????????????????????????????????????????????€?????????????€?,????€????,????????????
????????????????????€????????????????€?C?€?C++?€?C#?€?OC?€?LUA??????????????€??????Qt?€?Mfc?????????????????€?????????????????????????€?SQL???MYSQL??????????????????????????€???????€?cocos2D?€?Unity3D??????????????€????€????????????€???????€???????????????????????????????????????????????????????????€?,????€????,????????????
???????????????????????€??????????????????????????????????????€??????WEB????????€???????????????????????????????€?????€?C/C++?€?java?€?php?€??????????????????????????????€???????????????java??€???????????????php??€?????????????€??????????????????????????????????????€????????????????????????????????€?,????€????,????????????
???????????????????????€????????????????????????????????????????????€??????????€?C/C++?€?Qt??????????????€?????????????????????????????????????€???????CA?????????????????????????????€???????????????????????????????????????????????????????????????????????????????????€?????????????€?,????€????,????????????
??????????????????????????????????€?????€?Linux??????????????????????????€??????????€?C/C++?????€????????????GTK+?€?Qt?€?MFC???????????????????????????????????????????€?web??€????€?????€??????????????????????????€???????????€?TCP/IP?????????????€??????????????????????????????€??????????????????????????????????????????????€?,????€????,????????????
8?????????????????€????????????2?????????????????€??????????????????10?????€?????????linux?????????????????????????????€??????????€?linux?????????C/C++?€?shell????????€??€??????????€?oracle?€?mysql??????????????????????€?,????€????,????????????
?????????????????€??????????????????????€???????????€?web??????springmvc?€?spring????????????????????????????€??????????????????????jedis????????????????????????????????????????€???????hadoop??????????????????????????????????€??????????????€????????????????????????????????€?,????€????,????????????
JAVA??????????????????????€????????????????????????€????????????????€?????????????JAVAEE?€???????????????????????????????????????????????????????????????????????????€???????????????????€????Hadoop?€?Hadoop Mahout?€?Storm/Jstorm?€?Spark????????????????????€??????????????€???????????????????€?,????€????,????????????
??????JAVAEE??€?????????????????????????????????????????€???????????????????€????????€???????????????????????????????SpringMVC?€?MyBatis?€?Spring???JavaWeb??€?????????????????????????????€???????????????????????????????????????????????????????????????????????????????????????????????????????€?,????€????,????????????
?????????????????????????????????????????????????????????CRM??€?????????TL?€???????JAVAEE?€?????????????????????????????€??????????????????€?????????????????????????€????Hadoop?€?Flume?€?kafka?€?spark?€?ELK????????????????€?????????€????????€???????????????????€?,????€????,????????????
??????JAVAEE??€????????????????????????????????€??????????????????????????????????????????hadoop?€?hive?€?flume?€?kafka?€?storm?€?spark?????????????????????????????????????????????????????????????????????????????????????????????????€????????????????????????€?????????KVM?????€???????????????????€?,????€????,????????????
"????????????Java????????€????????????????????????????????? javaSE???javaEE???Struts1,2???spring???hibernate???Oracle???SQLServer???MySQL???javascript???AJAX?€??????????????????????????????????????????????????????????????€?",????€????,????????????
JavaEE??€?????????????????????????€?JavaEE??€???????????????????????????JQuery?€?DWR?€?Struts1/2???Hibernate???Spring???MyBatis?€?JBPM?€?Lucene???????????????????€????????€????????????????????????????????????????????????????????????????????€?,????€????,????????????
??????????????????????????€???????????????????????????JavaSE?€?JavaScript?€?Ajax?€?JQuery?€?DWR?€?JSP???Servlet?€?JDBC?€?Struts1/2?€?Spring?€?Hibernate?€?PHP???C#?????€?????€????€??????????????????????????????????????????€??????????€?,????€????,????????????
"???????????????????€?SQL Server?€?MySql?€?Oracle????????????,????????????struts?€?hibernate?€?spring?????€????????????????????????JqueryEasyUI?€?Ext???????????€????????€????€???????????€?????????????????????€???????????????????€?????????????????????????????€?",????€????,????????????
"??????????????€??????????????????,???Android?????????????????????????????????????€?????????????????????????,???????????????,360????????????,??????????????????????????????????€???????????????€????????€,?????????????????????PDA?????????????????€????€?",????€????,????????????
????????????????€?????€????????€????????????????????????????????????€?????????????€???????????????????????€???????Java EE(JSP/Servlet?€? JDBC?€?Struts2?€?Spring?€?Hibernate)????????€????€??????????????????€?????????Android??????????????????????€??????????????€??????????????€????????????????????€?,????€????,????????????
"?????????????????€??????????????????javaEE??€??????????€?javaSE,JSP???Servlet?€?JDBC?€?Struts1/2?€?Spring?€?Hibernate????€??????????????????€?????????????????????????€??????????????????????????????????????€???????????????????????????????????€?",????€????,????????????
??????????????????????????????????????€????????????????????????????????????????????????????????€???????????????????????????????????????????????????????€???????????€??€??????????????€???????????????????????????€???????€??????????????€??€????????????????????€??€????????€??€??€?S-China?€??€????????€??€??€???????????€???????????????????????€?,????€????,????????????
????€?Java?€?SQL Server?€?MySql?€?JSP????????€?????????????????????????????????struts?€?hibernate?€?spring?€?JSF??????????€??????????????????????????????????????????€??????????€??????????????€?????????????????€???????????????€???BPM???????€????????????????????€?CUM???BPM????????????????€?,????€????,????????????
"??????????????€???????????????????????????????€?Java EE(JSP/Servlet?€? JDBC?€?Struts2?€?Spring?€?Hibernate?€?mybaits)????????? WebService,Ajax???Oracle???DB2???MySQL???NoSql????€???????????????????????????????????????????????€????????????????????????????????€?",????€????,????????????
"??????????????€????????????????????????????????? java,sqlserver,mysql,jsp,ajax,struts,hibernate,spring?????€???,?????????????????????????????????????????????????????????????????????????????€????€???????????????????????????????????????????????????????????????????????€?",????€????,????????????
??????????????€?????????????????????????€?Java ?€?SQLServer?€?Oracle?€?MySQL?€?JSP?€?Servlet??????????????€???????????????????€????????????????????????? Struts?€?Spring?€?Hibernate??????????????€?????????????????? ?€?OA?????????????€???????????????????????€?,????€????,????????????
????€?JavaEE??€??????????€?PHP?€?JavaScript?€?RIA ???????????€????????€?€??????????????????????????????€?????????????€??????????????€?????????????????????????????????€???????????????????€? ????????????????????????????????????????€??????????????€??€???????????€?????????????AVDIM??????????????????????€?,????€????,????????????
"???????????????????????????????????????SaaS????????????????????????????????€??????????€??€????????????????(SaaS)??????HiService-CRM,HiService-SCM????????????????????????????€?????????????????€??????????javaSE/EE???????????€??????????€??????????????????€?????????????€?Oracle???SQLServer????€?",????€????,????????????
"??????????????€????????????????????????????????????JavaEE????????€??????????????????JDBC???Struts1/2???Spring???Hibernate,JBPM???WebService???MyBatis?????€???????€???????????????????????????????????????????????????????????????????????????????????????????????????????????€?",????€????,????????????
"????€?JavaEE??€??????????€?Android?€?JavaScript?€?????????????struts?€?hibernate?€?spring?€?springmvc, mybatis?????€??????????€???????????????????????€????????€?????????????????????????????€??????????????????????????????????????????????????€?",????€????,????????????
?????????IT?????????????????????????€?Java??€?????€??????JSP/Servlet?€?JDBC?€?JAXP?€?Struts2?€?Hibernate3?€?Spring?€?JPA??????????????????Java??€??????????????????????????????????????????????€?????????????????????????????????????????€?,????€????,????????????
10????????€????????????????????????????€????????????????????????????????????€????€????????????????????????????????????????????€??€?????????????????????????????????????????€??€?????????????CCTV?????????????€??€?????????€????????????????????????????€??€?????????????????€???????????€?,????€????,????????????
"???????????????????????????????????????????????????????????????????????????????????????????????????????????????????€??????????????????????????€?JavaEE????????€??????????????????????????????????????€???(ibatis/Mybatis,struts1/2,spring,ajax/jquery/dwr)????€?",????€????,????????????
???????????????????????€????????????IT?????????????€?????????????(??????)???????????????????????????????€?????????????????????€??€????€?????€?????????€????????????????????????????€???????????€?????????????????????????????????????????????????????€?JavaEE??€??????????€????????????€:??€????????????????€?,????€????,????????????
???????????????C?€?C++?€?VB?€?VC????????€????????????Java??€?????????????????????Oracle?€?SQLServer?€?MySql?€?????????????JavaScrip?€?CSS?€?XML?????€????????????C/S?€?B/S??€??????????€??????€??????C/S?????????B/S????????????JSP???Java?€?Struts?€?Hibernate????€?,????€????,????????????
??????????????€????????????????????????java?€?mysql?€?jsp?€?ajax?€?struts?€?hibernate?€?spring?????€?????????????????????????????????????????????????????????????????????????????????????????????????????€????????????????€??????????????????????????????????????????€??????????€?,????€????,????????????
?????????????????????????????????????????????Java?€?Android?€?iOS???????????????????????????????????€?????????????????????????€????????????????BMPT????????????????????????k12???????????????????????????ICS???????€?????????????????€???????????????????????????????????????€????€?,????€????,????????????
"?????????????????????????????????????????????????????????????????????????????????????????????????€?????€?java,js,mysql??????????????€????????????????????????web??????springmvc,spring,hibernate/mybatis??????????????????????????????????€??????????????????????????????????????€????????????€??????????€?",????€????,????????????
8????????????????????????????????????????????????????????????????????????????????????????????????????????????????€???????????????????????????????CRM?€?????€????????€?BI???????????????????€???????ERP?????????????????????????????????????????????12580/????€?114?????????10086/??????10000????€?,????€????,????????????
??????????????€????????????????????????????€?????????????????????€???????????????????????€??????????????????????????????????????????????????€??????????????????????????????????€????????€?????€??€?????€???????????€????????????????????€??????????????€???€??????????€??????????????€?,????€????,????????????
????€?c/c++?€?oc?€?java?€?c#????????€???????€?????????????????????????????????€????????????????????????????????????????€?????????????iOS/Android/WinPhone????????€????€??????????????????€??????????????????????????????:????????????????€??????????????€???????????€??????????????€?,????€????,????????????
???????????????????????????????????????????????€??????????????????????€??????????????????????????????€??????????????????????????????863???????€?????????€???????????????????????????????????€???????????????????€??€?????€?Java??€??????????????????????????????????€????JavaEE????????????SSH???????????????????????????????€?,????€????,????????????
Java??????????????????????€?WEB??€????????????????????????????????????????€?07????????????????????????????????????????????????????????????????€?JAVAEE?€?PHP?€?RUBY?€?JavaSCRIPT?€?RIA?????????????????€????????€???????????????????????????????€?UMMS???????????????????????????????€?,????€????,????????????
??????JavaSE???JavaWEB???Oracle???MySQL???????????€????????????????????????????€?NoSQL??€?????????????????????????€?????????€???????????????????€???????????€????????????????????€??€???????????€???????????????????????€??€???????????????????????????€?????????????€??€??????????????€???????????€?,????€????,????????????
"2005??????????????????????????????????????€???????????????????€??????????????????????????????€???????????????????????????????????????????????????????€?????€?C/C++???Java???Delphi ?????€????????€?€???????????????????????????????????€????????€?????????????????????????????????€?????????????€?
",????€????,????????????
"???????????????????????????,??????JavaEE????????????????????????,????????????????????????, ?????€??€??????????????????JavaEE????????????????€???????JavaWeb,MySql???????????????????????????????????????????????????????????????????????????,?????????????????????????????????????????€?????????????€?",????€????,????????????
"????€?Java?€?C?€?Android?????€????????????????????????struts?€?hibernate?€? spring?€?springmvc, mybatis?????€??????????€???????????€??????????????????????????€??€??€??????????????€??€??€??????????????€?????????????????????????????????????????€?",????€????,????????????
15???????????€????????????????????????????????????IT??????????????????????????€?????????????€??????????????€?????????????????€???€????€??????????????€?????€?C#?€?Java?€?PB?€?MySQL?€?SQLSERVER ?€?Oracle??????????????€???????????????????????€??????????????????????????????????????????????€?,????€????,????????????
"?????????????????????????????€?????????,??????????????????????????????????????€????????????????????????????????????????????€??????????????????????????€??????????€???????javaSe ?€? SSH?€?SpringMVC?€?myBatis?€?ExtJs?€?dubbo?€?MySql???????????€????€?",????€????,????????????
???????????????????????????????€?Java?€?JSP?€?Servlet?€?Oracle?€?Mysql?€?sqlserver??????????????€??????????????€????€????Struts1/2?€?Spring???????????€?????????????????????????€?????????????????€??????????????????????????€? ?€??????????????€?????????????????????????????€?,????€????,????????????
????????€?????????????????????????€?Java?€?JSP?€?Servlet?€?MySQL?€?Oracle??????????????€???????????????????€????????????????????????? Struts?€?Spring?€?Hibernate?€?????????????Redis????€?????????????????????????????????????????????????????????€??????????€????????????????????????????????€?????€?,????€????,????????????
????????????????????€?????????????????????????€?Java??€?????€??????JSP/Servlet?€?JDBC?€?JAXP?€? Struts2?€?Hibernate3?€?Spring????????????????????????Java??€??????????€?Web??€?????€????€?????????????/??????????€???????????????????OA?€?????€?,????€????,????????????
7???????????€????????????????????????????????????????????????????????€????????????????????€?€?????????????????????€???????????€????????????????€????????????????????€?NewBI?€??€??????????????€?????€?????€?Spring?€?SpringMVC?€?Mybatis?€?Redis?€?Mondrian?€?OLAP4J?????€??????????€?,????€????,????????????
????€?Java????????€?????€??????JavaSE?€?JSP/Servlet?€?Strust2?€?Hibernate?€?Spring?€?MyBatis??????MySQL?€?Oracle??????????????????????????€?????????????????????????????????????€????????????????????????????????????????????€?????????€?????????????????????????€?,????€????,????????????
???????????€?????????????????????????????????????????????????€? ???????€?????????????????????????javaSE?€?javaWEB?€?mysql?€? SpringMVC?€?MyBatis?€?Spring?€?solr?????€????€????????????????????????????????????????????????????????????????????€?,????€????,????????????
"??????????????€?????????,?????????????????????????€????????€???????????????????????????????????????????????????€?????????????€???????????????????????????????Java EE(JSP/Servlet?€? JDBC?€?Struts2?€?Spring?€?Hibernate)????????€????€? ",????€????,????????????
??????????????€????????????????????????????????????????€??????????????€?????????????????????????????????? javaSE?€?javaEE?€?Struts?€?spring?€?hibernate?€?MyBatis?€?SpringMVC?€?Oracle?€?MySQL?€?javascript?€?AJAX?????€????€????????€??????????????€???????????€?,????€????,????????????
??????????????????????????????????????????????????????????????????????????????????????????????????????????????€??????????€?????€?C/OC/C++?????€?????????????????????????????????????€??????€?????????????????????????????????????????????????????????????????????????????????????????????????????????????????????????????????????€?,????€????,????????????
??????????????€?????????????????????????????????????????????????€???????????????????????????????????????€??????????€???????????????????????€??€?????????????????????????????€???€??????????????????????€??????????????€?Fesco???????????????????????€?????????????????????????€???????????????????????€???????????????????????€?,????€????,????????????
??????Java??€?????????????????????????€?Java?€?Oravcle?€?MySql?€?Jsp?€?Servlet?€?Struts2?€?Hibernat?€?Spring?€?Android?€?Hadoop??????????????€??????????????€?????????????????????????????????????????????????????????Android????????????????????????????????????????€?,????€????,????????????
???????????????????€??????????????????€????????????????€?javaEE???????????€????????€???????????????java?€?android?€?php?€?hadoop????€???€???????????????????€?????????????????????????????€?????€?P2P?????????????€?????€????????????????????€?????€????????????????????€??€???????????€?,????€????,????????????
????????€?????????????????????????€?C/C++?€?Java?€?Python?????€????????€??????MySQL?€?Oracle?€?SQLServer?????????????€????????????????Struts1?€?Struts2?€?Hibernate?€?Spring?€?MyBatis??????????????????????????????????€???????????????????????????????????€????????????????????????€??????????€?,????€????,????????????
????€?C/C++?€?Java?€?Python???????€?MySQL?€?Oracle?€?sqlServer?€?DM?€?HBase?€?redis?€?MongoDB????????€??????????????????????????????????????????????€????????????????struts2?€?springmvc?€?spring?€?hibernate?€?mybatis??????????????????????€?,????€????,????????????
??????JavaEE?????€????????????15??????????€?JavaSE?€?Android?€?JavaEE???????????????????????????????€?2012????????????????????????????????????????????????2012???~2015?????????????????????Java?€???????????€?2015???6????????????????€?JavaEE SSH????????€????????????????€??€?,????€????,????????????
??????????????€???????????????????????€????????????????€??????????????????????????€??????????????????????????????????????????????????????????????????????????????????B2C????????€??????????€?????????????Java???????????????????????????????????????????€???????????????????Java???????????????????????????????????????????€???????????€?,"????€????	",????????????
???????????????????€?Oracle?€?MySql?????????????€?????????????Struts?€?Hibernate?€?Spring?????€??????????€?????????????Jquery?€?ExtJs???????????€????????€????€?????????€??????????????????????€?????????????????????????????€??€?ELT?????€????????????????€???????????????????????€?,????€????,????????????
??????????????€??????JavaEE??????????????????????????????????????????????????????????????????????????????????€?Spring?€?hibernate?€?mybatis?€?Struts2?€?jQuery?€?JavaScript?€?Ajax?€?json?€?easyui?€? WebService?€?Lucene?€?Maven?????€????€????????€???????????€??????????????€?,????€????,????????????
5??????????????????????????????????????????????€????????€??????????????????????????????????????????????????????????????????????????????????????€??????????????€??????????????????????????€???????????????????????€????????????????????€??????????????€??????????????€??????????????????????????€??€?,????€????,????????????
???????????€??????????????????11?????????????????€????????????????????????4??????????????€?????????????????????????€?????€?????????????????????????????????€????????????????????????B2B?????????????€???????????????????????€?????????????????????????????????????+????????????????????????????€?,????€????,????????????
???????????????????????????????????????????????????????????????????€????????????€???????€??????????????€???????????????????????????????????€????????????€?€?????????????????????????????????????????€?????????????????????????????€??????????????????????????????€?€???????????????????????????????????€?,????€????,????????????
????????????????????????????€????????????€??????SEM/SEO?€???????SEO?€?QQ??????????€??????????????????????????????????????????????????????????????????????????€??????????????????????????????????????????????????????????????????????????????????????????????????????????????????????????????????????????????????????????????????????????€?,????€????,????????????
??????????????€???????????????????????????????????€???????????????????????????????€???????????????????????€??????????????€?IVR??????????????????????€???€?????????????€?PHP?€?c#?€?Smarty?€?Jquery?€?wml?€?vxml?€?mysql??????????????????LAMP???????????????????€?Smarty???JQuery???????€?,????€????,????????????
??????PHP??€??????????????????????????????????????????????€???????web??€?????????????????????????????????web???????????€????????????????????€????????????????€???????ERP????????€????????????????€??????????????????????????€????????????????????€????????????????????????????????€?,????€????,????????????
????????????????????????????????????????????€??????????????????????€?PHP?€?.Net?€?Java?€?MySQL?€?SQL Server?€?Oracle?????€??????????????????????????€????????????????????????????????????????????????????????????????€?????????????????????????????????????????????????????€?????????????????€?,????€????,????????????
????????????????????????????????????web???????????????web??€??????????????????????????????????????????????????????????????????????????????????????????????????????????????????????€????????€????????????????????????€????????????????????????????€?????€????????????€??????????????????Just do it !,????€????,????????????
"5?????€?????????5??????????????????????€?Ajax?€?Linux?€?ThinkPHP?€?Yii?€?SVN?€?jQuery?€?Redis?€?Mysql?€?XML???,????????€?????????????€????????€?????????????????€????????????????????????????????????????????€?????????????????????????????€??????????????????????????????????????€?",????€????,????????????
??????????????€?????????????????????????????€??????????????????????€???????????????????????€?OA?????????????€?????€????????????????50??????????€?????€?DIV+CSS?€?PHP+MySQL?€???????????????????????€?????????€????€?Jquery?€?smarty?€?JavaScript?€?ThinkPHP?€?ZendFrame????€? ,????€????,????????????
PHP????????€?????????????????????PHP?????????????€???????????????€???????????????????????????????€??????????????€????????????????????€????????????????????€??????????????????????????€?????€?PHP?€?HTML?€?CSS?€?JavaScript?€?jQuery?€?Bootstrap???mysql?????€????€?,????€????,????????????
php??????????????????????????€?????????????????????????????€??????PMS???????????????????????????????????????????€????????????€???????€????????????????????????????????????????????€?????€?php?€?JavaScript?€?CSS3.0?€?HTML5?€?Mysql?€?SQL Server?€?Oracle???Java?€?,????€????,????????????
??????PHP????????€?????????????????????etcms?????????????€?etshop???????????????????????????????????€????€???€?????????PHP?€?ASP?€?Wechat?€?Javascript?€?jQuery?€?Linux?€?ThinkPHP?€?????????????????€?????????????????€???????????????€??????????????€??????????€?,????€????,????????????
"????????€????????????????????????????????€??????????€???????????????????EMBA???????????????????????????????€?????€?PHP,??????Laravel????????????????€???????????????????????????????????€?????????????????????????????????????????€????????????????????????????????€?",????€????,????????????
????????????web??€?????????????????????????€?????????????????????€????????????????????€???????????????????????????????€????????????????????€??????????????????????????€?????€?html?€?css?€?javascript?€?php?€?mysql?€?????????????????????€??????????€???????????€?,????€????,????????????
"????????????????????????????????????php??€?????????????????????php???????????????????€?xhtml,html5, css,javascript ,jquery,ajax,mysql,mongodb,php????????????????€?????????????????€?????????????????????????????????????????€?",????€????,????????????
"???Yii2,  Laravel5,  Codeigniter??????????????????????????????????????????????????????PHP???????????????????????€????????????????€???????????????€?????€????????????????€????????????€?????????????????????????????????????????????CRM,ERP,?????????????????????????????????????????€????€?",????€????,????????????
????????€????????????????€????????????????????????????????????€?????????????????????????????????????????€????€?????€?DIV+CSS?€?JavaScript?€?Ajax?€?Jquery?€?PHP+MYSQL?€?Smarty?€?ThinkPHP?€?Dedecms?€?Java?€?C#??????????????????LAMP???????€?,????€????,????????????
????????????PHP??€???????????????????????????????????????CMS?€????????????????????€??????????ERP???????€?????????????????????????????????????web?????????????€?PHP?€?MySQL?€?js?€?jQuery?€?CSS?€?Linux?????€?????????????????????????????€????????????????????????????????????????€?,????€????,????????????
"??????10?????????????????????????????????????????€??????????????????????????????????????????????????????????????????????????????SNS???????????????????€?php?€?javascript ?€?Jquery?€?ajax?€?mysql???????€?linux?????????nginx???????????????mongodb?€?php????????????,??€?????????????????€????????€????€?",????€????,????????????
??????PHP??????????????€??????????€???????js?????????????????€?????€????????????????€??????????????????????????????€??????????????????????????????????????????????€?XHTML?€?CSS?€?JavaScript?€?jQuery?€?PHP?€?MySQL?€?Ajax???C51???????????????LAMP???????€?,????€????,????????????
??????????????€???????????????????????????????????€?????????PHP?€?JavaScript?€?Mysql???????€?jQuery?€?Wechat ?€?PHP??????????????€????€???€?????????????????€????€????????????????????????€????????????????€?????????????????????????????€???????????????????????€?OA????????????????€?,????€????,????????????
?????????????????€??????????????????????????????????????????????€??????????????????€???????????????????????????????????????????????€??????????????????????????€????????????????€??????????????????€?€?????????????????????????????????????????????????????????????????€????????????????????????????????€?,????€????,????????????
??????PHP????????€??????????€?????????€??????????????????????????????????????????????????????????????????????????????????????????????€?????€?Html?€?JavaScript?€?DIV+CSS?€?jQuery?€?MySQL?€?????€?ThinkPHP?€?CodeIgniter?????€????????????????????€?????€????€????????????€?????????????????????????€??€??€?,????€????,????????????
"5?????€?????????4??????????????????????€?web???????€?Ajax?€?Linux?€?ThinkPHP?€?git?€?jQuery?€?Mysql?€?XML???,????????€????????????????????????????€????????€???????????€???????????????????????€??????????????€????????????????????????????????????????????????????????????????????????????????€?",????€????,????????????
"??????php????????????????????????php??€???????????????,??????DSP?€?SEM?€?CRM?????????????????????????????????????????????????????€????????????????????????????????€????€?????????€?????€????????????php?????????????€?mysql???????€?wap??????????€?ajax?????????????€?linux????????????????????????????€??????????????????€????€?",????€????,????????????
php?????????????????????????????????????????????????????????????????????????????????????????????????????????????????????????????????????????????????€?CRM?€?HRM????????????????€?????€?php?€?javascript???????????€??????ThinkPHP?€?jQuery???????????€??????????€????????????????????????????????????????????????????????€?,????€????,????????????
???????????????????????€??????????????????????????????????????€??????WEB????????€???????????????????????????????€?????€?Python?€?C/C++?€??????????????????????????????€?????????????€?,????€????,????????????
???????????????????????€????????????????????????html?€?css???????€?jquery.js??????????????????????????????????????????????€?????????????????????????????????????????????????????€?????????????????????????????????????????€?,????€????,????????????
????????????????????€????????????????????????????€?4G LTE?????????????????????????€??€??€????????????????????????????????€??€??€???????GIS????€????????????????????€??€??€????????????????????€???????????????????Camera???RIL???????€????SIP???????€?RTSP???????€?H264????????????????????????????€?,????€????,????????????
???????????????UI?????????????€???????????????€??????????????????CSDN????????????????????€?????????????€???????????????? ????????????????€?????€???????????????€????????????html?€?css?€???????JavaScript?€?jquery????€?Ajax?€?HTML5??? CSS3????€??????????????????????PHP?€?NodeJS????€???????????????€????€???????????€??€?????????????????????€?????????????????????????????€??????????????????????€????????€??????????????????????????€?,????€????,????????????
10???Linux?????????????????€???????????????????????????????€?????€?Linux????????€????€????????????????????€?ARM SOC???????????????????€?C/C++?€?Python?€?Javascript?€?LISP?€?ARM/X86????????????????????€??????????????????????????????????????????????????????????€??€?,????€????,????????????
??????????????€?????????8??????????€? C?????€?€?Objective-C?€?Python?€?PHP?€?Shell??????????????€??????TCP/IP?????????????€??????????????€?Selenium??????????????????????????????????????????Unix??????????????????????????€??????????€?????????????????????????????????????????€?,????€????,????????????
??????????????€??????????????????C/C++?€?Python?€?HTML/CSS??????????????€???????€?Linux???Python????????€????€????????????????????????????????????????????????? Tesseract OCR???????????????????????????????€??????????Web?????????????????€?????????????????????????????€?????????????????????????????????????€?,????€????,????????????
??????????????€????????????????????????Linux???????????????????€?????€?c/c++?€?python??????????????€?????????Linux???????????????????????????????????????????????????????€??????????unix?????????????????????python???????????????????????????????????????????????????c/s?????????????????????????????????????????????????€?,????€????,????????????
6????????????linux?????????Python??€????€?C/C++????????€?????????????????????????????????????????€???????????????????????????linux????????€????????????????????????????€????????????????????????????????€????????????????????????????????????????????????????????????????????????????????????????????€?,????€????,????????????
??????WEB???????????€?????????????????????????€???????WEB??????????????€?????????????€????????€?WEB????????€????€?PHP????????€????€?????????????????€???????????????????????????€??????Python?€??????????????€??????????????€??????????????€???????????????????????€????????????????????€??????????????€?,????€????,????????????
??????????????€?????????????????? HTML/CSS/JS?????€???????€? Java?€?Android?€?Python ????????€????€???????????????????????€????????????€??????????€????????????????????????€????€???€??????????????????????????????????????????????€?,????€????,????????????
??????Linux????????€????????????????€?Python???c???c++?€?????????????????????????????????????????????????????????????????????????????????????????????????????€????????????????????€?NLP???????????????????????????DL???NLP?????????????€?????????€???????€????????????????????????????????????????????????????????€?,????€????,????????????
????????????????????€????????????????€?c/c++???python??????????????€???????????????html???css???js???????????€????????€???????€?linux?????????????????????web????????€????????€???????????????????????????????????????????????????????????????????€?,????€????,????????????
"???????????????????????€?????????????????????????????????,????????€?????????????????????,56??????,??????????????????????????????????€?????€?Python,Java,Objective-C,Swift??????????????€?€????TCP/IP????????????,???????????????,??????????????€????????????????????????????€?",????€????,????????????
"??????web,???????????€????????????????€?Android???iOS?€?Web??€????????????python?€?go?????€,???????????????????????€????€??????????????????????????€?????€????????€????????€????????€?????????????????€?????????????????????????????€????????????????????€???????????????????????????????????????????????????????????€?",????€????,????????????
????????????????????????????????????web???????????????web??€??????????????????????????????????????????????????????????????????????????????????????????????????????????????????????€????????€????????????????????????€????????????????????????????€?????€????????????€??????????????????Just do it !,????€????,????????????
????????€??????????????????????????????????????????SOA????????€??????????????????????????????????????????????????€??????????€??????€??????????????????????€?????????€?????????????????????????????????????????????????????????????€? ???????????????????????????????€?,????€????,????????????
"???????????????????????€?????????,?????????????????????????????????????????€??????????????????????????????????????????,???????????????????€?????????????CRM???????????????????????????????????€????????????????€?.Net?€?Node.js??????????€?",????€????,????????????
Web??????????????????????????????Web??€??????????????????????????????????????€??????????????????????????????????????€?????€???????????????????????€????????????????????????????????????????????????PHP?€?NodeJS??????????????€?????????????€?????????€????€????????€?Say less Do more!,????€????,????????????
????????????????????????????????€?????????????????????????????????????€????Web Components?€?Node.js?€?HTML5????????????????????????????€???????????????????????????????????????€????€?????€????????????????????????€?????????????????????????????????????????????????????????????????????????????????!,????€????,????????????
??????PHP????????€?????????????????????etcms?????????????€?etshop???????????????????????????????????€????€???€?????????PHP?€?ASP?€?Wechat?€?Javascript?€?jQuery?€?Linux?€?ThinkPHP?€?????????????????€?????????????????€???????????????€??????????????€??????????€?,????€????,????????????
"??????10?????????????????????????????????????????€??????????????????????????????????????????????????????????????????????????????SNS???????????????????€?php?€?javascript ?€?Jquery?€?ajax?€?mysql???????€?linux?????????nginx???????????????mongodb?€?php????????????,??€?????????????????€????????€????€?",????€????,????????????
"??????php????????????????????????php??€???????????????,??????DSP?€?SEM?€?CRM?????????????????????????????????????????????????????€????????????????????????????????€????€?????????€?????€????????????php?????????????€?mysql???????€?wap??????????€?ajax?????????????€?linux????????????????????????????€?????????????????€?",????€????,????????????
??????PHP????????€??????????€?????????€??????????????????????????????????????????????????????????????????????????????????????????????€?????€?Html?€?JavaScript?€?DIV+CSS?€?jQuery?€?MySQL?€?????€?ThinkPHP?€?CodeIgniter?????€????????????????????€?????€????€????????????€?????????????????????????€??€??€?,????€????,????????????
"????????????????????????????????????, 10???????????€?????????????????????????????????????????????????????????????€??????????????????€????€?????????????????????????????????????????????????????????????????????€????????????????????????????????????????????????????????????????€?????????€?????????????€?","????€????	",????????????
10?????????????????????????????????????????€??????????????????????????????????????????CCTV????????????????????????????????????????????????????€????????€?????????????????€?????€?????????????????€????????€?????€?Ps?€?Ai?€?Axure???????????????????????????Web?€?Ui?€????????€????????€?Vi??????????€?,????€????,????????????
?????????????????????????€????????????????????????????????????????????????????????????????????????€?????????????€????????????????????????????????????????????????????????€?????????????????????????????€????????????????????????????????????????????€?????€???????????????????????????????????€??????????????????????????????????????????????????????????????€?,????€????,????????????
??????????????????9???????????????????????????????€??????????????????????????€???????????????????????????????VI????????????????€????????€??????????????€??????????????€???????????????????????????????????????????????€????????€?????????????????????€????????????????????????????€?,????€????,????????????
"????????????????????????????????????????????????????????????????????????????????????Java????????????????€????HTML5?€?CSS3?€?JavaScript?€?JQuery?€?Ajax???????????€????€????????????????????€????,????????????????????????????????????????€?",????€????,????????????
?????????????????????????????????????€????????????????????€????????????????Photoshop?€?Illustrator?€?CorelDRAW?€?Sketch?€?AxureRP?€?justinmind????€??????????????????????????€??????????????€??????????????€??????????????€????????€??????????????€???????????€????????????????????€?,????€????,????????????
????€?HTML?€?CSS?€?JavaScript?€?HTML5?€?CSS3???web????????€?????€????????€???????????????????????????????€????????????????????????????????????????????€???????????????????????€???????????????????????????????????????????????????????????????????????????????????????€?????????????????€????€?,????€????,????????????
??????????????????????€?????????????WEB????????????????????????????????????????€?????????????????€??????????????€??????????????€??????????????€???????????????????????????????????????????????????????????????????????????????????????????????€?IBM?€??????????????€??€???????????€??????????????€??????????????€???????TV???????€? ,????€????,????????????
????????????????????€?????????????????????????€????????????????????€??????????????????????????????????????????????????€?html?€?css?€?js???jquery???????????????????????€????????????????????????????????????????€?????????????????????????????????????????€????????????????????????????????€?????????????????€??€?,????€????,????????????
"05??????????????????????????????OSTA??????????????????????€?PS/AI/CDR/ID /PDF/DW/CAD/3DSMAX ,??????????????????????????????UI?????????????????????????????????????????????10?????????????????????????????????????????????????????????????????????????€??€??????????????????????????€?",????€????,????????????
???????????????????????????????????????????????????UI???????€???????VI????????????????€??????????????€???????????????????????????????????????????????????????????????????????????????????€??????????????€?????????????????€???????????€????????€???????????????????????????????????€??????????????€?,????€????,????????????
9?????????????????????????????????Adobe????????????????????????????????????????????????????€????????????????????????????????????????????????€???????????????????????????????????????????????€?????????????????€??????????€????UI??????????????????????€??????????????????? ???????????????VI??????????????€????????????????€?,????€????,????????????
??????????????????????????????????????€????????????????????????????????€???????????????????????????????€?????€?XHTML/CSS???Javascript?€?Jquery?€?Ajax?????€??????????????????Web???????????????????€??€???????????€???????????????????????????????????????????HTML5?€?CSS3????????????????€?,????€????,????????????
????????????????????????????????????????????????????????????????????€????????????????????????????????????????????????????????????????????€?????????????????????????€???????????????????javascript?????€???????????€???????????????????????????????????€????€?,????€????,????????????
"????€?XHTML/HTML5???Css/Css3,Javascript???????????????????????€?????????????????????????€??????????????????????jQuery???Bootstrap???Less???Sass?????€??????????€?????????????????????????????€?PC??????????€????????????????????€??????????????????????????????????????????????????€?",????€????,????????????
??????????????????Web??€????????€?????€??????????€????????????????HTML?€?CSS?€?JavaScript?€?jQuery?????€????????????????€?????€?W3C??????????????????????????????????????????CSS???????????????????€??????????????€?Web???????????????????????????????€???????????????€????????????????????????????€?,????€????,????????????
????€???????????????€??????php????????€???????????????IT????????€????€??????????????????????????€??€??????????????€????????????????????€?????????????????????????????????????????????????????????????????????????????????????????????????????????????????????????????????????????????????????????????????€?,????€????,????????????
?????????????????????????????????????????????????????????????????????????????????????????????????????????????????????????????????????????????VI??????????€????????€??????????????€? ?????????????????????????€? ?????????????????????????????????????????????????????????????????????????????????????????????????????????????????????????????????????€?,????€????,????????????
????????????web????????€???????????????W3C????????????????????€????????????????????????????????????????€?????€?html?€?css?€?JavaScript?€?DOM?€?JQuery???????????€????€?????????????????????????????????????????????????????????€????????????OA????????????????????????HTML5????????€?????????????????????????????€????€?,????€????,????????????
????€??????????????????????????????€????????????JavaScript?€?jQuery?€?Ajax?€?Seajs?????????JAVA?€?SQL Server?€?MySql??????????????€???????????????????€????????????????O2O?????????????????????????€??????????????????????????????€???????????????????????????????€?,????€????,????????????
????????????????????????????????????????????????. ???????????????????????????????????????????€?????€?????????????????????????????€???????????????€?????????????????????????????????????€??????€??????????????????????????? cctv????????????????€???????????????????????€???????????€????????????????????€???????????????????????????????????€?,????€????,????????????
??????9??????????????????????????????????????????????????????????????????????????????????????????????€?????????????????????????????????????????????????????????????????????????????????????????€?????€?Photoshop?€?Fireworks?€?Illustrator???????????????html?€?Css???Flash?????????????€?,????€????,????????????
????????????????????????????????????UI?????????????€?UI?????????????????????????????????????????????????€?????????????????????????????????????????€?????????€????????????????????????????????????????????€????????????????????????PC???????????????IR370?????????????????????????????????????????????????????????????????????????€?,????€????,????????????
"??????web??€????????????????????????360,???????€???????JavaScript?€?jQuery, Ajax?€?HTML5,CSS3???????????€?????????PHP,Nodejs???????????€,????????????JavaScript????€???????????€????????????€?????????????????????????????????????€????,?????????????????????????????€?????????????????????,????????????,?????????????€?",????€????,????????????
??????????????????????????????????????????????€????????€????????€????????€?UI?????????????€?????????????????????????????????????????????€????????????UI???????€??????????????????????360?????????????????????APP???????????????????????????????????????APP?????????UI?????????????€??????????????????????UI?????????????€?,????€????,????????????
??????????????????????????????????????????????€?PS/AI/ID??????????€?????????????/??????/??????/Vi/?????????????????????????????????????€????????€??????????????€??????????????€???????????€?GE???????€????????????????????€??????????????????????????€?360?????????????€?????????????????????????????????????????€?,????€????,????????????
2000??????????????????????????????????????????????????????????????€????????????????€?????????????SML?€??????????????€???????????????????????????????????????????????€???????????€?07????????????????????????????????????????????????????????€????????????????????????????€?????€?,????€????,????????????
5???????????€??????????????????????????????????????????????€?html???css???JavaScript???JQuery???Ajax???????????????????€????Web??€???????????????????????????????????????????????????????????????????????€??????????€????????€??????????????????????????????????????????????????€?,????€????,????????????
???????????????????????????????€??????????????????????????????????????€??????????????????????????????????????????????????€???????????€?????????????????????????????????€?€??????????????€??????????????€?????????????????????????????€?12????????????????????????????????????????€??????????????€???????????€??????????????????????????????????????€?,????€????,????????????
???????????????????????????????????????VI?€????????€?????????????????????????????€?????????????????????????????????????????????????????????????????????????????€? ????????????????????????????????????????€???????????€????????????????????€???????????????????????????????????????????????????????????????????????€?,????€????,????????????
???????????????????????????????????????????????????????€?????€?photoshop?€?illusstrator???Axure??????????????????????????????Html???CSS???????????€????€????????????????????????????????????????????????????????€???????????€?????????????????????????????????????????????????????????????????????????,????€????,????????????
13???????????????????????????????€???????????????????????????????????????????????????????????????????????????????????€????????€???????????????????????????????????????????????????????????????????????????????????€????????€????????€?TCL?????????????????????????????????OneShow????????????;??????????????????????????????APP???????€?,????€????,????????????
??????????????€??????????????????????€?Web????????€????€?H5??€???????????????????????€??????????€???€???????????????jQuery(zQuery)?????????????????€????€????????€?????????????????€?PC???????????€????€?????????????SEO?????????????????????????????????????????????????€?,????€????,????????????
????????????????????????????????€?????????????????????????????????????€????Web Components?€?Node.js?€?HTML5????????????????????????????€???????????????????????????????????????€????€?????€????????????????????????€?????????????????????????????????????????????????????????????????????????????????!,????€????,????????????
"??????????????????????????€?????????????€?????????????????????€???6???????????????????????????????€???????Windows Phone, iOS???????????????????????€????€????????????????????????????????????????????????????????????????????????????????????????????????????????????????????????????????????????????€?",????€????,????????????
"??????????????€???????????????????????????????€?html???css???js,asp.net??????????????€???????????????????€?????????????????????????bootstrap,ligerui,easyui?????????????????????js????????????????????????????€?????€?",????€????,????????????
?????????????????????????????€?????????????????????HTML???CSS???JS??????????????€??????????€???????java?????€??????Struts2???spring???hibernate???Oracle???MySQL???????????€????????????????€?????????€???ERP???????€???????OA?????????????€??????????????€?????€??????????????????????????????????????€?,"????€????	","????????????	"
????????€???????????????????????€??????????????? 5???????????€??????????????????????€??????????????????????Html?€?JavaScript?€?CSS+DIV?€?Regular Expressions???Ajax?????????????????€?????????????€?,????€????,????????????
"????????€??????????????????????????????????????????SOA????????€??????????????????????????????????????????????????€??????????€??????€??????????????????????€?????????€?????????????????????????????????????????????????????????????€?
???????????????????????????????€?",????€????,????????????
????????????????????????????????€????????????????€????????????????????????????????????€????????????????????€????????????????????????????????????????????????????€?????????????????€???€?????????????€??????????????????????????€?????????????????????????????€?????????????????????€????€????????????????????????????????????????-PDA????€?????€?,????€????,????????????
5?????€??????3????????????2??????????€?????????????????????????????????????????????????????€?????????????????????? ???????????????????????????????€???????????????€?????????????€???????????????????(???????????€???)KDS-Lite2?€???????????????????????????€???????€??????????CRM??????????????€????€????????€?,????€????,????????????
"???????????????????????€?????????,?????????????????????????????????????????€??????????????????????????????????????????,???????????????????€?????????????CRM???????????????????????????????????€????????????????€?.Net?€?Node.js??????????€?",????€????,????????????
6???????????????????????????????????????????????????????????????????????????????????€????€?????€?html?€?css?€?js?€?jquery?€?HTML5?€?Ajax?????????????????€??????React?€?AngularJS???????????????????????????????????€.NET?€?,????€????,????????????
??????????????€??????????????????????€?JavaScript?€?DOM?€?JQuery?€?Ajax???????????€??????????????????????????????????????????????€???????????????????????€????????€????????????????????????????????????????????????????????????????????????????????????????????????€?????????????????????????????????????????????,????€????,????????????
"??????????????????????????? ????????????""?????????""??????pc?????????????????????????????????????????????????€? ?€? ??????????€?????€????????€?????€???????24?€?????€???????????€?????€??????????????????????????€??????????????????€????€? ????€?html?€? css?€? Js?€? jquery ?€?ajax ?€? ??????html5 ?????????????????€????????????????€?",????€????,????????????
??????????????€??????????????????????????????????????????????????€????????????????€?html5+css3???????€???????web??€????€?????????????????????????????????????????€?,????€????,????????????
Web??????????????????????????????Web??€??????????????????????????????????????€??????????????????????????????????????€?????€???????????????????????€????????????????????????????????????????????????PHP?€?NodeJS??????????????€?????????????€?????????€????€????????€?Say less Do more!,????€????,????????????
???????????€??????????????????????????????????????????/????????€????????????????????€?????????????€?????€?C\C++?€?OC?€?C#?€?JavaScript?€?Python???????????€????????€?€?????????????????????????????????????????????€??????????€??????????????????????????????????????????????????€???????????????????????€?,????€????,????????????
"??????????????€????????????????????????.Net?€?HTML5?€?Unity3d?€?IOS?????????????????????????????????,???????????????????????????????????????????????€??????????????????????????????,??????????????????????????????????€??????????????????????????????€,???????????????????€?",????€????,????????????
"???????????????????????????????????€?????????,????€?C/S???????€?B/S??????,??????.NET?€?IOS?????€??????????????????????????????????€?????€????????????????????????€?€???????????????????,?€??????????,????????????,?????????????€???????????????????,??€????????????????????????????????????! ",????€????,????????????
